,filename,identity,Line,Epoch,Day,Seconds,Date,Time,OffWrist_Actiware,Activity,White_Light,Red_Light,Green_Light,Blue_Light,Sleep_Wake,Mobility,datetime,sleepdata_DAY,sleepdata_REST,sleepdata_SLEEP,sleepdata_DAILY,sleepdata_EXCLUDED
2952410,197_$_9_8_2015_3_30_00_PM_20170629_lmm5346joust.csv,197_$,9344,11203,4,280290,2015-09-11,1900-01-01 21:21:30,0,21.0,12.05,3.07,0.59,0.07,1.0,1.0,11SEP15:21:21:30,4,0,0,1,0
2952411,197_$_9_8_2015_3_30_00_PM_20170629_lmm5346joust.csv,197_$,9345,11204,4,280320,2015-09-11,1900-01-01 21:22:00,0,6.0,19.04,3.65,1.24,0.12,0.0,1.0,11SEP15:21:22:00,4,0,0,1,0
2952412,197_$_9_8_2015_3_30_00_PM_20170629_lmm5346joust.csv,197_$,9346,11205,4,280350,2015-09-11,1900-01-01 21:22:30,0,17.0,10.6,2.42,0.59,0.06,1.0,1.0,11SEP15:21:22:30,4,0,0,1,0
2952413,197_$_9_8_2015_3_30_00_PM_20170629_lmm5346joust.csv,197_$,9347,11206,4,280380,2015-09-11,1900-01-01 21:23:00,0,13.0,8.19,1.75,0.49,0.05,1.0,1.0,11SEP15:21:23:00,4,0,0,1,0
2952414,197_$_9_8_2015_3_30_00_PM_20170629_lmm5346joust.csv,197_$,9348,11207,4,280410,2015-09-11,1900-01-01 21:23:30,0,152.0,7.6,1.83,0.4,0.05,1.0,1.0,11SEP15:21:23:30,4,0,0,1,0
2952415,197_$_9_8_2015_3_30_00_PM_20170629_lmm5346joust.csv,197_$,9349,11208,4,280440,2015-09-11,1900-01-01 21:24:00,0,27.0,1.09,0.35,0.04,0.0,1.0,1.0,11SEP15:21:24:00,4,0,0,1,0
2952416,197_$_9_8_2015_3_30_00_PM_20170629_lmm5346joust.csv,197_$,9350,11209,4,280470,2015-09-11,1900-01-01 21:24:30,0,71.0,6.92,1.87,0.32,0.02,1.0,1.0,11SEP15:21:24:30,4,0,0,1,0
2952417,197_$_9_8_2015_3_30_00_PM_20170629_lmm5346joust.csv,197_$,9351,11210,4,280500,2015-09-11,1900-01-01 21:25:00,0,71.0,12.37,2.32,0.82,0.07,1.0,1.0,11SEP15:21:25:00,4,0,0,1,0
2952418,197_$_9_8_2015_3_30_00_PM_20170629_lmm5346joust.csv,197_$,9352,11211,4,280530,2015-09-11,1900-01-01 21:25:30,0,41.0,5.4,1.0,0.36,0.04,1.0,1.0,11SEP15:21:25:30,4,0,0,1,0
2952419,197_$_9_8_2015_3_30_00_PM_20170629_lmm5346joust.csv,197_$,9353,11212,4,280560,2015-09-11,1900-01-01 21:26:00,0,16.0,3.93,0.74,0.26,0.03,1.0,1.0,11SEP15:21:26:00,4,0,0,1,0
2952420,197_$_9_8_2015_3_30_00_PM_20170629_lmm5346joust.csv,197_$,9354,11213,4,280590,2015-09-11,1900-01-01 21:26:30,0,78.0,3.86,0.7,0.26,0.03,1.0,1.0,11SEP15:21:26:30,4,0,0,1,0
2952421,197_$_9_8_2015_3_30_00_PM_20170629_lmm5346joust.csv,197_$,9355,11214,4,280620,2015-09-11,1900-01-01 21:27:00,0,308.0,4.61,0.82,0.32,0.03,1.0,1.0,11SEP15:21:27:00,4,0,0,1,0
2952422,197_$_9_8_2015_3_30_00_PM_20170629_lmm5346joust.csv,197_$,9356,11215,4,280650,2015-09-11,1900-01-01 21:27:30,0,271.0,5.31,0.95,0.36,0.05,1.0,1.0,11SEP15:21:27:30,4,0,0,1,0
2952423,197_$_9_8_2015_3_30_00_PM_20170629_lmm5346joust.csv,197_$,9357,11216,4,280680,2015-09-11,1900-01-01 21:28:00,0,308.0,8.91,2.42,0.4,0.04,1.0,1.0,11SEP15:21:28:00,4,0,0,1,0
2952424,197_$_9_8_2015_3_30_00_PM_20170629_lmm5346joust.csv,197_$,9358,11217,4,280710,2015-09-11,1900-01-01 21:28:30,0,289.0,21.51,4.44,1.32,0.13,1.0,1.0,11SEP15:21:28:30,4,0,0,1,0
2952425,197_$_9_8_2015_3_30_00_PM_20170629_lmm5346joust.csv,197_$,9359,11218,4,280740,2015-09-11,1900-01-01 21:29:00,0,78.0,13.77,2.94,0.82,0.09,1.0,1.0,11SEP15:21:29:00,4,0,0,1,0
2952426,197_$_9_8_2015_3_30_00_PM_20170629_lmm5346joust.csv,197_$,9360,11219,4,280770,2015-09-11,1900-01-01 21:29:30,0,262.0,5.55,1.06,0.36,0.05,1.0,1.0,11SEP15:21:29:30,4,0,0,1,0
2952427,197_$_9_8_2015_3_30_00_PM_20170629_lmm5346joust.csv,197_$,9361,11220,4,280800,2015-09-11,1900-01-01 21:30:00,0,236.0,4.86,0.93,0.32,0.03,1.0,1.0,11SEP15:21:30:00,4,0,0,1,0
2952428,197_$_9_8_2015_3_30_00_PM_20170629_lmm5346joust.csv,197_$,9362,11221,4,280830,2015-09-11,1900-01-01 21:30:30,0,200.0,4.92,0.95,0.32,0.04,1.0,1.0,11SEP15:21:30:30,4,0,0,1,0
2952429,197_$_9_8_2015_3_30_00_PM_20170629_lmm5346joust.csv,197_$,9363,11222,4,280860,2015-09-11,1900-01-01 21:31:00,0,13.0,4.49,1.13,0.22,0.03,1.0,1.0,11SEP15:21:31:00,4,0,0,1,0
2952430,197_$_9_8_2015_3_30_00_PM_20170629_lmm5346joust.csv,197_$,9364,11223,4,280890,2015-09-11,1900-01-01 21:31:30,0,279.0,8.87,2.22,0.45,0.05,1.0,1.0,11SEP15:21:31:30,4,0,0,1,0
2952431,197_$_9_8_2015_3_30_00_PM_20170629_lmm5346joust.csv,197_$,9365,11224,4,280920,2015-09-11,1900-01-01 21:32:00,0,51.0,10.05,2.76,0.45,0.04,1.0,1.0,11SEP15:21:32:00,4,0,0,1,0
2952432,197_$_9_8_2015_3_30_00_PM_20170629_lmm5346joust.csv,197_$,9366,11225,4,280950,2015-09-11,1900-01-01 21:32:30,0,262.0,14.57,2.76,0.95,0.11,1.0,1.0,11SEP15:21:32:30,4,0,0,1,0
2952433,197_$_9_8_2015_3_30_00_PM_20170629_lmm5346joust.csv,197_$,9367,11226,4,280980,2015-09-11,1900-01-01 21:33:00,0,271.0,35.26,7.8,2.04,0.18,1.0,1.0,11SEP15:21:33:00,4,0,0,1,0
2952434,197_$_9_8_2015_3_30_00_PM_20170629_lmm5346joust.csv,197_$,9368,11227,4,281010,2015-09-11,1900-01-01 21:33:30,0,388.0,23.75,4.16,1.64,0.18,1.0,1.0,11SEP15:21:33:30,4,0,0,1,0
2952435,197_$_9_8_2015_3_30_00_PM_20170629_lmm5346joust.csv,197_$,9369,11228,4,281040,2015-09-11,1900-01-01 21:34:00,0,138.0,10.84,2.53,0.59,0.06,1.0,1.0,11SEP15:21:34:00,4,0,0,1,0
2952436,197_$_9_8_2015_3_30_00_PM_20170629_lmm5346joust.csv,197_$,9370,11229,4,281070,2015-09-11,1900-01-01 21:34:30,0,49.0,3.62,0.93,0.18,0.02,1.0,1.0,11SEP15:21:34:30,4,0,0,1,0
2952437,197_$_9_8_2015_3_30_00_PM_20170629_lmm5346joust.csv,197_$,9371,11230,4,281100,2015-09-11,1900-01-01 21:35:00,0,96.0,8.43,2.37,0.36,0.04,1.0,1.0,11SEP15:21:35:00,4,0,0,1,0
2952438,197_$_9_8_2015_3_30_00_PM_20170629_lmm5346joust.csv,197_$,9372,11231,4,281130,2015-09-11,1900-01-01 21:35:30,0,89.0,4.93,1.18,0.26,0.03,1.0,1.0,11SEP15:21:35:30,4,0,0,1,0
2952439,197_$_9_8_2015_3_30_00_PM_20170629_lmm5346joust.csv,197_$,9373,11232,4,281160,2015-09-11,1900-01-01 21:36:00,0,215.0,13.96,2.88,0.86,0.09,1.0,1.0,11SEP15:21:36:00,4,0,0,1,0
2952440,197_$_9_8_2015_3_30_00_PM_20170629_lmm5346joust.csv,197_$,9374,11233,4,281190,2015-09-11,1900-01-01 21:36:30,0,200.0,14.39,3.07,0.86,0.09,1.0,1.0,11SEP15:21:36:30,4,0,0,1,0
2952441,197_$_9_8_2015_3_30_00_PM_20170629_lmm5346joust.csv,197_$,9375,11234,4,281220,2015-09-11,1900-01-01 21:37:00,0,35.0,8.66,2.13,0.45,0.05,1.0,1.0,11SEP15:21:37:00,4,0,0,1,0
2952442,197_$_9_8_2015_3_30_00_PM_20170629_lmm5346joust.csv,197_$,9376,11235,4,281250,2015-09-11,1900-01-01 21:37:30,0,123.0,11.26,3.14,0.49,0.05,1.0,1.0,11SEP15:21:37:30,4,0,0,1,0
2952443,197_$_9_8_2015_3_30_00_PM_20170629_lmm5346joust.csv,197_$,9377,11236,4,281280,2015-09-11,1900-01-01 21:38:00,0,61.0,21.3,4.34,1.32,0.13,1.0,1.0,11SEP15:21:38:00,4,0,0,1,0
2952444,197_$_9_8_2015_3_30_00_PM_20170629_lmm5346joust.csv,197_$,9378,11237,4,281310,2015-09-11,1900-01-01 21:38:30,0,157.0,1.85,0.11,0.18,0.07,1.0,1.0,11SEP15:21:38:30,4,0,0,1,0
2952445,197_$_9_8_2015_3_30_00_PM_20170629_lmm5346joust.csv,197_$,9379,11238,4,281340,2015-09-11,1900-01-01 21:39:00,0,61.0,23.14,5.06,1.35,0.15,1.0,1.0,11SEP15:21:39:00,4,0,0,1,0
2952446,197_$_9_8_2015_3_30_00_PM_20170629_lmm5346joust.csv,197_$,9380,11239,4,281370,2015-09-11,1900-01-01 21:39:30,0,66.0,7.64,1.5,0.49,0.05,1.0,1.0,11SEP15:21:39:30,4,0,0,1,0
2952447,197_$_9_8_2015_3_30_00_PM_20170629_lmm5346joust.csv,197_$,9381,11240,4,281400,2015-09-11,1900-01-01 21:40:00,0,29.0,7.76,1.91,0.4,0.03,1.0,1.0,11SEP15:21:40:00,4,0,0,1,0
2952448,197_$_9_8_2015_3_30_00_PM_20170629_lmm5346joust.csv,197_$,9382,11241,4,281430,2015-09-11,1900-01-01 21:40:30,0,59.0,6.89,1.67,0.36,0.03,1.0,1.0,11SEP15:21:40:30,4,0,0,1,0
2952449,197_$_9_8_2015_3_30_00_PM_20170629_lmm5346joust.csv,197_$,9383,11242,4,281460,2015-09-11,1900-01-01 21:41:00,0,24.0,6.89,1.67,0.36,0.03,1.0,1.0,11SEP15:21:41:00,4,0,0,1,0
2952450,197_$_9_8_2015_3_30_00_PM_20170629_lmm5346joust.csv,197_$,9384,11243,4,281490,2015-09-11,1900-01-01 21:41:30,0,39.0,6.81,1.64,0.36,0.03,1.0,1.0,11SEP15:21:41:30,4,0,0,1,0
2952451,197_$_9_8_2015_3_30_00_PM_20170629_lmm5346joust.csv,197_$,9385,11244,4,281520,2015-09-11,1900-01-01 21:42:00,0,23.0,6.27,1.57,0.32,0.03,1.0,1.0,11SEP15:21:42:00,4,0,0,1,0
2952452,197_$_9_8_2015_3_30_00_PM_20170629_lmm5346joust.csv,197_$,9386,11245,4,281550,2015-09-11,1900-01-01 21:42:30,0,21.0,6.58,1.54,0.36,0.03,1.0,1.0,11SEP15:21:42:30,4,0,0,1,0
2952453,197_$_9_8_2015_3_30_00_PM_20170629_lmm5346joust.csv,197_$,9387,11246,4,281580,2015-09-11,1900-01-01 21:43:00,0,89.0,8.76,2.17,0.45,0.05,1.0,1.0,11SEP15:21:43:00,4,0,0,1,0
2952454,197_$_9_8_2015_3_30_00_PM_20170629_lmm5346joust.csv,197_$,9388,11247,4,281610,2015-09-11,1900-01-01 21:43:30,0,63.0,8.25,2.13,0.4,0.04,1.0,1.0,11SEP15:21:43:30,4,0,0,1,0
2952455,197_$_9_8_2015_3_30_00_PM_20170629_lmm5346joust.csv,197_$,9389,11248,4,281640,2015-09-11,1900-01-01 21:44:00,0,54.0,7.51,1.79,0.4,0.04,1.0,1.0,11SEP15:21:44:00,4,0,0,1,0
2952456,197_$_9_8_2015_3_30_00_PM_20170629_lmm5346joust.csv,197_$,9390,11249,4,281670,2015-09-11,1900-01-01 21:44:30,0,6.0,7.14,1.79,0.36,0.04,1.0,1.0,11SEP15:21:44:30,4,0,0,1,0
2952457,197_$_9_8_2015_3_30_00_PM_20170629_lmm5346joust.csv,197_$,9391,11250,4,281700,2015-09-11,1900-01-01 21:45:00,0,34.0,7.5,1.79,0.4,0.03,1.0,1.0,11SEP15:21:45:00,4,0,0,1,0
2952458,197_$_9_8_2015_3_30_00_PM_20170629_lmm5346joust.csv,197_$,9392,11251,4,281730,2015-09-11,1900-01-01 21:45:30,0,23.0,7.05,1.75,0.36,0.03,1.0,1.0,11SEP15:21:45:30,4,0,0,1,0
2952459,197_$_9_8_2015_3_30_00_PM_20170629_lmm5346joust.csv,197_$,9393,11252,4,281760,2015-09-11,1900-01-01 21:46:00,0,46.0,7.42,1.75,0.4,0.04,1.0,1.0,11SEP15:21:46:00,4,0,0,1,0
2952460,197_$_9_8_2015_3_30_00_PM_20170629_lmm5346joust.csv,197_$,9394,11253,4,281790,2015-09-11,1900-01-01 21:46:30,0,76.0,7.5,1.79,0.4,0.04,1.0,1.0,11SEP15:21:46:30,4,0,0,1,0
2952461,197_$_9_8_2015_3_30_00_PM_20170629_lmm5346joust.csv,197_$,9395,11254,4,281820,2015-09-11,1900-01-01 21:47:00,0,143.0,8.91,2.58,0.36,0.04,1.0,1.0,11SEP15:21:47:00,4,0,0,1,0
2952462,197_$_9_8_2015_3_30_00_PM_20170629_lmm5346joust.csv,197_$,9396,11255,4,281850,2015-09-11,1900-01-01 21:47:30,0,215.0,2.92,0.82,0.12,0.01,1.0,1.0,11SEP15:21:47:30,4,0,0,1,0
2952463,197_$_9_8_2015_3_30_00_PM_20170629_lmm5346joust.csv,197_$,9397,11256,4,281880,2015-09-11,1900-01-01 21:48:00,0,82.0,1.67,0.54,0.05,0.01,1.0,1.0,11SEP15:21:48:00,4,0,0,1,0
2952464,197_$_9_8_2015_3_30_00_PM_20170629_lmm5346joust.csv,197_$,9398,11257,4,281910,2015-09-11,1900-01-01 21:48:30,0,123.0,1.5,0.47,0.05,0.01,1.0,1.0,11SEP15:21:48:30,4,0,0,1,0
2952465,197_$_9_8_2015_3_30_00_PM_20170629_lmm5346joust.csv,197_$,9399,11258,4,281940,2015-09-11,1900-01-01 21:49:00,0,318.0,1.67,0.54,0.05,0.01,1.0,1.0,11SEP15:21:49:00,4,0,0,1,0
2952466,197_$_9_8_2015_3_30_00_PM_20170629_lmm5346joust.csv,197_$,9400,11259,4,281970,2015-09-11,1900-01-01 21:49:30,0,182.0,12.1,3.98,0.37,0.07,1.0,1.0,11SEP15:21:49:30,4,0,0,1,0
2952467,197_$_9_8_2015_3_30_00_PM_20170629_lmm5346joust.csv,197_$,9401,11260,4,282000,2015-09-11,1900-01-01 21:50:00,0,299.0,1.58,0.5,0.05,0.02,1.0,1.0,11SEP15:21:50:00,4,0,0,1,0
2952468,197_$_9_8_2015_3_30_00_PM_20170629_lmm5346joust.csv,197_$,9402,11261,4,282030,2015-09-11,1900-01-01 21:50:30,0,82.0,16.02,3.65,0.89,0.11,1.0,1.0,11SEP15:21:50:30,4,0,0,1,0
2952469,197_$_9_8_2015_3_30_00_PM_20170629_lmm5346joust.csv,197_$,9403,11262,4,282060,2015-09-11,1900-01-01 21:51:00,0,46.0,15.49,3.57,0.86,0.09,1.0,1.0,11SEP15:21:51:00,4,0,0,1,0
2952470,197_$_9_8_2015_3_30_00_PM_20170629_lmm5346joust.csv,197_$,9404,11263,4,282090,2015-09-11,1900-01-01 21:51:30,0,20.0,15.17,3.57,0.82,0.08,1.0,1.0,11SEP15:21:51:30,4,0,0,1,0
2952471,197_$_9_8_2015_3_30_00_PM_20170629_lmm5346joust.csv,197_$,9405,11264,4,282120,2015-09-11,1900-01-01 21:52:00,0,17.0,15.17,3.57,0.82,0.08,1.0,1.0,11SEP15:21:52:00,4,0,0,1,0
2952472,197_$_9_8_2015_3_30_00_PM_20170629_lmm5346joust.csv,197_$,9406,11265,4,282150,2015-09-11,1900-01-01 21:52:30,0,21.0,15.17,3.57,0.82,0.08,1.0,1.0,11SEP15:21:52:30,4,0,0,1,0
2952473,197_$_9_8_2015_3_30_00_PM_20170629_lmm5346joust.csv,197_$,9407,11266,4,282180,2015-09-11,1900-01-01 21:53:00,0,56.0,15.17,3.57,0.82,0.09,1.0,1.0,11SEP15:21:53:00,4,0,0,1,0
2952474,197_$_9_8_2015_3_30_00_PM_20170629_lmm5346joust.csv,197_$,9408,11267,4,282210,2015-09-11,1900-01-01 21:53:30,0,73.0,14.38,3.42,0.77,0.08,1.0,1.0,11SEP15:21:53:30,4,0,0,1,0
2952475,197_$_9_8_2015_3_30_00_PM_20170629_lmm5346joust.csv,197_$,9409,11268,4,282240,2015-09-11,1900-01-01 21:54:00,0,44.0,13.95,3.42,0.72,0.08,1.0,1.0,11SEP15:21:54:00,4,0,0,1,0
2952476,197_$_9_8_2015_3_30_00_PM_20170629_lmm5346joust.csv,197_$,9410,11269,4,282270,2015-09-11,1900-01-01 21:54:30,0,17.0,14.83,3.42,0.82,0.08,1.0,1.0,11SEP15:21:54:30,4,0,0,1,0
2952477,197_$_9_8_2015_3_30_00_PM_20170629_lmm5346joust.csv,197_$,9411,11270,4,282300,2015-09-11,1900-01-01 21:55:00,0,26.0,14.83,3.42,0.82,0.08,1.0,1.0,11SEP15:21:55:00,4,0,0,1,0
2952478,197_$_9_8_2015_3_30_00_PM_20170629_lmm5346joust.csv,197_$,9412,11271,4,282330,2015-09-11,1900-01-01 21:55:30,0,10.0,14.83,3.42,0.82,0.08,1.0,1.0,11SEP15:21:55:30,4,0,0,1,0
2952479,197_$_9_8_2015_3_30_00_PM_20170629_lmm5346joust.csv,197_$,9413,11272,4,282360,2015-09-11,1900-01-01 21:56:00,0,27.0,15.49,3.57,0.86,0.09,1.0,1.0,11SEP15:21:56:00,4,0,0,1,0
2952480,197_$_9_8_2015_3_30_00_PM_20170629_lmm5346joust.csv,197_$,9414,11273,4,282390,2015-09-11,1900-01-01 21:56:30,0,22.0,14.38,3.42,0.77,0.08,1.0,1.0,11SEP15:21:56:30,4,0,0,1,0
2952481,197_$_9_8_2015_3_30_00_PM_20170629_lmm5346joust.csv,197_$,9415,11274,4,282420,2015-09-11,1900-01-01 21:57:00,0,107.0,17.84,4.16,0.98,0.1,1.0,1.0,11SEP15:21:57:00,4,0,0,1,0
2952482,197_$_9_8_2015_3_30_00_PM_20170629_lmm5346joust.csv,197_$,9416,11275,4,282450,2015-09-11,1900-01-01 21:57:30,0,182.0,7.2,2.27,0.24,0.05,1.0,1.0,11SEP15:21:57:30,4,0,0,1,0
2952483,197_$_9_8_2015_3_30_00_PM_20170629_lmm5346joust.csv,197_$,9417,11276,4,282480,2015-09-11,1900-01-01 21:58:00,0,194.0,3.72,0.98,0.18,0.02,1.0,1.0,11SEP15:21:58:00,4,0,0,1,0
2952484,197_$_9_8_2015_3_30_00_PM_20170629_lmm5346joust.csv,197_$,9418,11277,4,282510,2015-09-11,1900-01-01 21:58:30,0,46.0,2.66,0.7,0.12,0.01,1.0,1.0,11SEP15:21:58:30,4,0,0,1,0
2952485,197_$_9_8_2015_3_30_00_PM_20170629_lmm5346joust.csv,197_$,9419,11278,4,282540,2015-09-11,1900-01-01 21:59:00,0,254.0,6.94,1.87,0.32,0.04,1.0,1.0,11SEP15:21:59:00,4,0,0,1,0
2952486,197_$_9_8_2015_3_30_00_PM_20170629_lmm5346joust.csv,197_$,9420,11279,4,282570,2015-09-11,1900-01-01 21:59:30,0,12.0,7.59,1.83,0.4,0.04,1.0,1.0,11SEP15:21:59:30,4,0,0,1,0
2952487,197_$_9_8_2015_3_30_00_PM_20170629_lmm5346joust.csv,197_$,9421,11280,4,282600,2015-09-11,1900-01-01 22:00:00,0,11.0,7.14,1.79,0.36,0.04,1.0,1.0,11SEP15:22:00:00,4,0,0,1,0
2952488,197_$_9_8_2015_3_30_00_PM_20170629_lmm5346joust.csv,197_$,9422,11281,4,282630,2015-09-11,1900-01-01 22:00:30,0,51.0,7.51,1.79,0.4,0.05,1.0,1.0,11SEP15:22:00:30,4,0,0,1,0
2952489,197_$_9_8_2015_3_30_00_PM_20170629_lmm5346joust.csv,197_$,9423,11282,4,282660,2015-09-11,1900-01-01 22:01:00,0,133.0,8.08,1.87,0.45,0.04,1.0,1.0,11SEP15:22:01:00,4,0,0,1,0
2952490,197_$_9_8_2015_3_30_00_PM_20170629_lmm5346joust.csv,197_$,9424,11283,4,282690,2015-09-11,1900-01-01 22:01:30,0,56.0,7.34,1.71,0.4,0.04,1.0,1.0,11SEP15:22:01:30,4,0,0,1,0
2952491,197_$_9_8_2015_3_30_00_PM_20170629_lmm5346joust.csv,197_$,9425,11284,4,282720,2015-09-11,1900-01-01 22:02:00,0,35.0,6.81,1.64,0.36,0.03,1.0,1.0,11SEP15:22:02:00,4,0,0,1,0
2952492,197_$_9_8_2015_3_30_00_PM_20170629_lmm5346joust.csv,197_$,9426,11285,4,282750,2015-09-11,1900-01-01 22:02:30,0,66.0,7.5,1.79,0.4,0.04,1.0,1.0,11SEP15:22:02:30,4,0,0,1,0
2952493,197_$_9_8_2015_3_30_00_PM_20170629_lmm5346joust.csv,197_$,9427,11286,4,282780,2015-09-11,1900-01-01 22:03:00,0,115.0,10.03,2.58,0.49,0.05,1.0,1.0,11SEP15:22:03:00,4,0,0,1,0
2952494,197_$_9_8_2015_3_30_00_PM_20170629_lmm5346joust.csv,197_$,9428,11287,4,282810,2015-09-11,1900-01-01 22:03:30,0,61.0,9.02,2.13,0.49,0.05,1.0,1.0,11SEP15:22:03:30,4,0,0,1,0
2952495,197_$_9_8_2015_3_30_00_PM_20170629_lmm5346joust.csv,197_$,9429,11288,4,282840,2015-09-11,1900-01-01 22:04:00,0,76.0,8.15,2.08,0.4,0.04,1.0,1.0,11SEP15:22:04:00,4,0,0,1,0
2952496,197_$_9_8_2015_3_30_00_PM_20170629_lmm5346joust.csv,197_$,9430,11289,4,282870,2015-09-11,1900-01-01 22:04:30,0,78.0,7.42,1.75,0.4,0.04,1.0,1.0,11SEP15:22:04:30,4,0,0,1,0
2952497,197_$_9_8_2015_3_30_00_PM_20170629_lmm5346joust.csv,197_$,9431,11290,4,282900,2015-09-11,1900-01-01 22:05:00,0,0.0,7.59,1.83,0.4,0.04,1.0,0.0,11SEP15:22:05:00,4,0,0,1,0
2952498,197_$_9_8_2015_3_30_00_PM_20170629_lmm5346joust.csv,197_$,9432,11291,4,282930,2015-09-11,1900-01-01 22:05:30,0,66.0,7.34,1.71,0.4,0.04,1.0,1.0,11SEP15:22:05:30,4,0,0,1,0
2952499,197_$_9_8_2015_3_30_00_PM_20170629_lmm5346joust.csv,197_$,9433,11292,4,282960,2015-09-11,1900-01-01 22:06:00,0,46.0,6.73,1.6,0.36,0.03,1.0,1.0,11SEP15:22:06:00,4,0,0,1,0
2952500,197_$_9_8_2015_3_30_00_PM_20170629_lmm5346joust.csv,197_$,9434,11293,4,282990,2015-09-11,1900-01-01 22:06:30,0,89.0,10.06,2.76,0.45,0.05,1.0,1.0,11SEP15:22:06:30,4,0,0,1,0
2952501,197_$_9_8_2015_3_30_00_PM_20170629_lmm5346joust.csv,197_$,9435,11294,4,283020,2015-09-11,1900-01-01 22:07:00,0,22.0,7.42,1.75,0.4,0.04,1.0,1.0,11SEP15:22:07:00,4,0,0,1,0
2952502,197_$_9_8_2015_3_30_00_PM_20170629_lmm5346joust.csv,197_$,9436,11295,4,283050,2015-09-11,1900-01-01 22:07:30,0,26.0,8.17,1.91,0.45,0.04,1.0,1.0,11SEP15:22:07:30,4,0,0,1,0
2952503,197_$_9_8_2015_3_30_00_PM_20170629_lmm5346joust.csv,197_$,9437,11296,4,283080,2015-09-11,1900-01-01 22:08:00,0,207.0,11.58,2.53,0.67,0.08,1.0,1.0,11SEP15:22:08:00,4,0,0,1,0
2952504,197_$_9_8_2015_3_30_00_PM_20170629_lmm5346joust.csv,197_$,9438,11297,4,283110,2015-09-11,1900-01-01 22:08:30,0,85.0,13.32,2.94,0.77,0.09,1.0,1.0,11SEP15:22:08:30,4,0,0,1,0
2952505,197_$_9_8_2015_3_30_00_PM_20170629_lmm5346joust.csv,197_$,9439,11298,4,283140,2015-09-11,1900-01-01 22:09:00,0,38.0,8.87,2.22,0.45,0.05,1.0,1.0,11SEP15:22:09:00,4,0,0,1,0
2952506,197_$_9_8_2015_3_30_00_PM_20170629_lmm5346joust.csv,197_$,9440,11299,4,283170,2015-09-11,1900-01-01 22:09:30,0,78.0,8.56,2.08,0.45,0.04,1.0,1.0,11SEP15:22:09:30,4,0,0,1,0
2952507,197_$_9_8_2015_3_30_00_PM_20170629_lmm5346joust.csv,197_$,9441,11300,4,283200,2015-09-11,1900-01-01 22:10:00,0,51.0,7.34,1.71,0.4,0.04,1.0,1.0,11SEP15:22:10:00,4,0,0,1,0
2952508,197_$_9_8_2015_3_30_00_PM_20170629_lmm5346joust.csv,197_$,9442,11301,4,283230,2015-09-11,1900-01-01 22:10:30,0,188.0,9.22,2.22,0.49,0.05,1.0,1.0,11SEP15:22:10:30,4,0,0,1,0
2952509,197_$_9_8_2015_3_30_00_PM_20170629_lmm5346joust.csv,197_$,9443,11302,4,283260,2015-09-11,1900-01-01 22:11:00,0,33.0,7.34,1.71,0.4,0.04,1.0,1.0,11SEP15:22:11:00,4,0,0,1,0
2952510,197_$_9_8_2015_3_30_00_PM_20170629_lmm5346joust.csv,197_$,9444,11303,4,283290,2015-09-11,1900-01-01 22:11:30,0,138.0,12.91,2.76,0.77,0.08,1.0,1.0,11SEP15:22:11:30,4,0,0,1,0
2952511,197_$_9_8_2015_3_30_00_PM_20170629_lmm5346joust.csv,197_$,9445,11304,4,283320,2015-09-11,1900-01-01 22:12:00,0,56.0,11.08,2.64,0.59,0.06,1.0,1.0,11SEP15:22:12:00,4,0,0,1,0
2952512,197_$_9_8_2015_3_30_00_PM_20170629_lmm5346joust.csv,197_$,9446,11305,4,283350,2015-09-11,1900-01-01 22:12:30,0,24.0,9.45,2.32,0.49,0.05,1.0,1.0,11SEP15:22:12:30,4,0,0,1,0
2952513,197_$_9_8_2015_3_30_00_PM_20170629_lmm5346joust.csv,197_$,9447,11306,4,283380,2015-09-11,1900-01-01 22:13:00,0,56.0,20.8,4.44,1.24,0.14,1.0,1.0,11SEP15:22:13:00,4,0,0,1,0
2952514,197_$_9_8_2015_3_30_00_PM_20170629_lmm5346joust.csv,197_$,9448,11307,4,283410,2015-09-11,1900-01-01 22:13:30,0,20.0,8.56,2.08,0.45,0.05,1.0,1.0,11SEP15:22:13:30,4,0,0,1,0
2952515,197_$_9_8_2015_3_30_00_PM_20170629_lmm5346joust.csv,197_$,9449,11308,4,283440,2015-09-11,1900-01-01 22:14:00,0,29.0,7.68,1.87,0.4,0.04,1.0,1.0,11SEP15:22:14:00,4,0,0,1,0
2952516,197_$_9_8_2015_3_30_00_PM_20170629_lmm5346joust.csv,197_$,9450,11309,4,283470,2015-09-11,1900-01-01 22:14:30,0,16.0,7.59,1.83,0.4,0.04,1.0,1.0,11SEP15:22:14:30,4,0,0,1,0
2952517,197_$_9_8_2015_3_30_00_PM_20170629_lmm5346joust.csv,197_$,9451,11310,4,283500,2015-09-11,1900-01-01 22:15:00,0,49.0,8.66,2.13,0.45,0.04,1.0,1.0,11SEP15:22:15:00,4,0,0,1,0
2952518,197_$_9_8_2015_3_30_00_PM_20170629_lmm5346joust.csv,197_$,9452,11311,4,283530,2015-09-11,1900-01-01 22:15:30,0,200.0,9.2,2.37,0.45,0.05,1.0,1.0,11SEP15:22:15:30,4,0,0,1,0
2952519,197_$_9_8_2015_3_30_00_PM_20170629_lmm5346joust.csv,197_$,9453,11312,4,283560,2015-09-11,1900-01-01 22:16:00,0,188.0,2.33,0.56,0.12,0.01,1.0,1.0,11SEP15:22:16:00,4,0,0,1,0
2952520,197_$_9_8_2015_3_30_00_PM_20170629_lmm5346joust.csv,197_$,9454,11313,4,283590,2015-09-11,1900-01-01 22:16:30,0,388.0,16.48,4.16,0.82,0.1,1.0,1.0,11SEP15:22:16:30,4,0,0,1,0
2952521,197_$_9_8_2015_3_30_00_PM_20170629_lmm5346joust.csv,197_$,9455,11314,4,283620,2015-09-11,1900-01-01 22:17:00,0,78.0,0.25,0.11,0.0,0.0,1.0,1.0,11SEP15:22:17:00,4,0,0,1,0
2952522,197_$_9_8_2015_3_30_00_PM_20170629_lmm5346joust.csv,197_$,9456,11315,4,283650,2015-09-11,1900-01-01 22:17:30,0,44.0,0.23,0.1,0.0,0.0,1.0,1.0,11SEP15:22:17:30,4,0,0,1,0
2952523,197_$_9_8_2015_3_30_00_PM_20170629_lmm5346joust.csv,197_$,9457,11316,4,283680,2015-09-11,1900-01-01 22:18:00,0,63.0,0.23,0.1,0.0,0.0,1.0,1.0,11SEP15:22:18:00,4,0,0,1,0
2952524,197_$_9_8_2015_3_30_00_PM_20170629_lmm5346joust.csv,197_$,9458,11317,4,283710,2015-09-11,1900-01-01 22:18:30,0,28.0,0.23,0.1,0.0,0.0,1.0,1.0,11SEP15:22:18:30,4,0,0,1,0
2952525,197_$_9_8_2015_3_30_00_PM_20170629_lmm5346joust.csv,197_$,9459,11318,4,283740,2015-09-11,1900-01-01 22:19:00,0,0.0,0.19,0.09,0.0,0.0,0.0,0.0,11SEP15:22:19:00,4,0,0,1,0
2952526,197_$_9_8_2015_3_30_00_PM_20170629_lmm5346joust.csv,197_$,9460,11319,4,283770,2015-09-11,1900-01-01 22:19:30,0,16.0,0.19,0.09,0.0,0.0,1.0,1.0,11SEP15:22:19:30,4,0,0,1,0
2952527,197_$_9_8_2015_3_30_00_PM_20170629_lmm5346joust.csv,197_$,9461,11320,4,283800,2015-09-11,1900-01-01 22:20:00,0,9.0,0.19,0.09,0.0,0.0,0.0,1.0,11SEP15:22:20:00,4,0,0,1,0
2952528,197_$_9_8_2015_3_30_00_PM_20170629_lmm5346joust.csv,197_$,9462,11321,4,283830,2015-09-11,1900-01-01 22:20:30,0,0.0,0.19,0.09,0.0,0.0,0.0,0.0,11SEP15:22:20:30,4,0,0,1,0
2952529,197_$_9_8_2015_3_30_00_PM_20170629_lmm5346joust.csv,197_$,9463,11322,4,283860,2015-09-11,1900-01-01 22:21:00,0,0.0,0.19,0.09,0.0,0.0,0.0,0.0,11SEP15:22:21:00,4,0,0,1,0
2952530,197_$_9_8_2015_3_30_00_PM_20170629_lmm5346joust.csv,197_$,9464,11323,4,283890,2015-09-11,1900-01-01 22:21:30,0,0.0,0.19,0.09,0.0,0.0,1.0,0.0,11SEP15:22:21:30,4,0,0,1,0
2952531,197_$_9_8_2015_3_30_00_PM_20170629_lmm5346joust.csv,197_$,9465,11324,4,283920,2015-09-11,1900-01-01 22:22:00,0,82.0,0.19,0.09,0.0,0.0,1.0,1.0,11SEP15:22:22:00,4,0,0,1,0
2952532,197_$_9_8_2015_3_30_00_PM_20170629_lmm5346joust.csv,197_$,9466,11325,4,283950,2015-09-11,1900-01-01 22:22:30,0,163.0,0.19,0.09,0.0,0.0,1.0,1.0,11SEP15:22:22:30,4,0,0,1,0
2952533,197_$_9_8_2015_3_30_00_PM_20170629_lmm5346joust.csv,197_$,9467,11326,4,283980,2015-09-11,1900-01-01 22:23:00,0,0.0,0.19,0.09,0.0,0.0,1.0,0.0,11SEP15:22:23:00,4,0,0,1,0
2952534,197_$_9_8_2015_3_30_00_PM_20170629_lmm5346joust.csv,197_$,9468,11327,4,284010,2015-09-11,1900-01-01 22:23:30,0,0.0,0.19,0.09,0.0,0.0,0.0,0.0,11SEP15:22:23:30,4,0,0,1,0
2952535,197_$_9_8_2015_3_30_00_PM_20170629_lmm5346joust.csv,197_$,9469,11328,4,284040,2015-09-11,1900-01-01 22:24:00,0,1.0,0.23,0.1,0.0,0.0,0.0,0.0,11SEP15:22:24:00,4,0,0,1,0
2952536,197_$_9_8_2015_3_30_00_PM_20170629_lmm5346joust.csv,197_$,9470,11329,4,284070,2015-09-11,1900-01-01 22:24:30,0,0.0,0.23,0.1,0.0,0.0,0.0,0.0,11SEP15:22:24:30,4,0,0,1,0
2952537,197_$_9_8_2015_3_30_00_PM_20170629_lmm5346joust.csv,197_$,9471,11330,4,284100,2015-09-11,1900-01-01 22:25:00,0,15.0,0.23,0.1,0.0,0.0,0.0,1.0,11SEP15:22:25:00,4,1,0,1,0
2952538,197_$_9_8_2015_3_30_00_PM_20170629_lmm5346joust.csv,197_$,9472,11331,4,284130,2015-09-11,1900-01-01 22:25:30,0,0.0,0.23,0.1,0.0,0.0,0.0,0.0,11SEP15:22:25:30,4,1,0,1,0
2952539,197_$_9_8_2015_3_30_00_PM_20170629_lmm5346joust.csv,197_$,9473,11332,4,284160,2015-09-11,1900-01-01 22:26:00,0,0.0,0.23,0.1,0.0,0.0,0.0,0.0,11SEP15:22:26:00,4,1,0,1,0
2952540,197_$_9_8_2015_3_30_00_PM_20170629_lmm5346joust.csv,197_$,9474,11333,4,284190,2015-09-11,1900-01-01 22:26:30,0,10.0,0.23,0.1,0.0,0.0,0.0,1.0,11SEP15:22:26:30,4,1,0,1,0
2952541,197_$_9_8_2015_3_30_00_PM_20170629_lmm5346joust.csv,197_$,9475,11334,4,284220,2015-09-11,1900-01-01 22:27:00,0,0.0,0.23,0.1,0.0,0.0,0.0,0.0,11SEP15:22:27:00,4,1,0,1,0
2952542,197_$_9_8_2015_3_30_00_PM_20170629_lmm5346joust.csv,197_$,9476,11335,4,284250,2015-09-11,1900-01-01 22:27:30,0,0.0,0.23,0.1,0.0,0.0,0.0,0.0,11SEP15:22:27:30,4,1,0,1,0
2952543,197_$_9_8_2015_3_30_00_PM_20170629_lmm5346joust.csv,197_$,9477,11336,4,284280,2015-09-11,1900-01-01 22:28:00,0,0.0,0.23,0.1,0.0,0.0,0.0,0.0,11SEP15:22:28:00,4,1,0,1,0
2952544,197_$_9_8_2015_3_30_00_PM_20170629_lmm5346joust.csv,197_$,9478,11337,4,284310,2015-09-11,1900-01-01 22:28:30,0,2.0,0.23,0.1,0.0,0.0,0.0,1.0,11SEP15:22:28:30,4,1,0,1,0
2952545,197_$_9_8_2015_3_30_00_PM_20170629_lmm5346joust.csv,197_$,9479,11338,4,284340,2015-09-11,1900-01-01 22:29:00,0,0.0,0.23,0.1,0.0,0.0,0.0,0.0,11SEP15:22:29:00,4,1,0,1,0
2952546,197_$_9_8_2015_3_30_00_PM_20170629_lmm5346joust.csv,197_$,9480,11339,4,284370,2015-09-11,1900-01-01 22:29:30,0,0.0,0.23,0.1,0.0,0.0,0.0,0.0,11SEP15:22:29:30,4,1,0,1,0
2952547,197_$_9_8_2015_3_30_00_PM_20170629_lmm5346joust.csv,197_$,9481,11340,4,284400,2015-09-11,1900-01-01 22:30:00,0,0.0,0.23,0.1,0.0,0.0,0.0,0.0,11SEP15:22:30:00,4,1,0,1,0
2952548,197_$_9_8_2015_3_30_00_PM_20170629_lmm5346joust.csv,197_$,9482,11341,4,284430,2015-09-11,1900-01-01 22:30:30,0,6.0,0.23,0.1,0.0,0.0,0.0,1.0,11SEP15:22:30:30,4,1,0,1,0
2952549,197_$_9_8_2015_3_30_00_PM_20170629_lmm5346joust.csv,197_$,9483,11342,4,284460,2015-09-11,1900-01-01 22:31:00,0,0.0,0.23,0.1,0.0,0.0,0.0,0.0,11SEP15:22:31:00,4,1,0,1,0
2952550,197_$_9_8_2015_3_30_00_PM_20170629_lmm5346joust.csv,197_$,9484,11343,4,284490,2015-09-11,1900-01-01 22:31:30,0,0.0,0.23,0.1,0.0,0.0,0.0,0.0,11SEP15:22:31:30,4,1,0,1,0
2952551,197_$_9_8_2015_3_30_00_PM_20170629_lmm5346joust.csv,197_$,9485,11344,4,284520,2015-09-11,1900-01-01 22:32:00,0,0.0,0.23,0.1,0.0,0.0,0.0,0.0,11SEP15:22:32:00,4,1,0,1,0
2952552,197_$_9_8_2015_3_30_00_PM_20170629_lmm5346joust.csv,197_$,9486,11345,4,284550,2015-09-11,1900-01-01 22:32:30,0,0.0,0.23,0.1,0.0,0.0,0.0,0.0,11SEP15:22:32:30,4,1,0,1,0
2952553,197_$_9_8_2015_3_30_00_PM_20170629_lmm5346joust.csv,197_$,9487,11346,4,284580,2015-09-11,1900-01-01 22:33:00,0,11.0,0.23,0.1,0.0,0.0,0.0,1.0,11SEP15:22:33:00,4,1,0,1,0
2952554,197_$_9_8_2015_3_30_00_PM_20170629_lmm5346joust.csv,197_$,9488,11347,4,284610,2015-09-11,1900-01-01 22:33:30,0,26.0,0.23,0.1,0.0,0.0,1.0,1.0,11SEP15:22:33:30,4,1,0,1,0
2952555,197_$_9_8_2015_3_30_00_PM_20170629_lmm5346joust.csv,197_$,9489,11348,4,284640,2015-09-11,1900-01-01 22:34:00,0,0.0,0.23,0.1,0.0,0.0,0.0,0.0,11SEP15:22:34:00,4,1,0,1,0
2952556,197_$_9_8_2015_3_30_00_PM_20170629_lmm5346joust.csv,197_$,9490,11349,4,284670,2015-09-11,1900-01-01 22:34:30,0,0.0,0.19,0.09,0.0,0.0,0.0,0.0,11SEP15:22:34:30,4,1,0,1,0
2952557,197_$_9_8_2015_3_30_00_PM_20170629_lmm5346joust.csv,197_$,9491,11350,4,284700,2015-09-11,1900-01-01 22:35:00,0,0.0,0.23,0.1,0.0,0.0,0.0,0.0,11SEP15:22:35:00,4,1,0,1,0
2952558,197_$_9_8_2015_3_30_00_PM_20170629_lmm5346joust.csv,197_$,9492,11351,4,284730,2015-09-11,1900-01-01 22:35:30,0,0.0,0.23,0.1,0.0,0.0,0.0,0.0,11SEP15:22:35:30,4,1,0,1,0
2952559,197_$_9_8_2015_3_30_00_PM_20170629_lmm5346joust.csv,197_$,9493,11352,4,284760,2015-09-11,1900-01-01 22:36:00,0,0.0,0.23,0.1,0.0,0.0,0.0,0.0,11SEP15:22:36:00,4,1,0,1,0
2952560,197_$_9_8_2015_3_30_00_PM_20170629_lmm5346joust.csv,197_$,9494,11353,4,284790,2015-09-11,1900-01-01 22:36:30,0,0.0,0.23,0.1,0.0,0.0,0.0,0.0,11SEP15:22:36:30,4,1,0,1,0
2952561,197_$_9_8_2015_3_30_00_PM_20170629_lmm5346joust.csv,197_$,9495,11354,4,284820,2015-09-11,1900-01-01 22:37:00,0,0.0,0.23,0.1,0.0,0.0,0.0,0.0,11SEP15:22:37:00,4,1,0,1,0
2952562,197_$_9_8_2015_3_30_00_PM_20170629_lmm5346joust.csv,197_$,9496,11355,4,284850,2015-09-11,1900-01-01 22:37:30,0,0.0,0.23,0.1,0.0,0.0,0.0,0.0,11SEP15:22:37:30,4,1,0,1,0
2952563,197_$_9_8_2015_3_30_00_PM_20170629_lmm5346joust.csv,197_$,9497,11356,4,284880,2015-09-11,1900-01-01 22:38:00,0,0.0,0.23,0.1,0.0,0.0,0.0,0.0,11SEP15:22:38:00,4,1,0,1,0
2952564,197_$_9_8_2015_3_30_00_PM_20170629_lmm5346joust.csv,197_$,9498,11357,4,284910,2015-09-11,1900-01-01 22:38:30,0,0.0,0.23,0.1,0.0,0.0,0.0,0.0,11SEP15:22:38:30,4,1,0,1,0
2952565,197_$_9_8_2015_3_30_00_PM_20170629_lmm5346joust.csv,197_$,9499,11358,4,284940,2015-09-11,1900-01-01 22:39:00,0,6.0,0.23,0.1,0.0,0.0,0.0,1.0,11SEP15:22:39:00,4,1,0,1,0
2952566,197_$_9_8_2015_3_30_00_PM_20170629_lmm5346joust.csv,197_$,9500,11359,4,284970,2015-09-11,1900-01-01 22:39:30,0,0.0,0.23,0.1,0.0,0.0,0.0,0.0,11SEP15:22:39:30,4,1,1,1,0
2952567,197_$_9_8_2015_3_30_00_PM_20170629_lmm5346joust.csv,197_$,9501,11360,4,285000,2015-09-11,1900-01-01 22:40:00,0,2.0,0.23,0.1,0.0,0.0,0.0,1.0,11SEP15:22:40:00,4,1,1,1,0
2952568,197_$_9_8_2015_3_30_00_PM_20170629_lmm5346joust.csv,197_$,9502,11361,4,285030,2015-09-11,1900-01-01 22:40:30,0,0.0,0.23,0.1,0.0,0.0,0.0,0.0,11SEP15:22:40:30,4,1,1,1,0
2952569,197_$_9_8_2015_3_30_00_PM_20170629_lmm5346joust.csv,197_$,9503,11362,4,285060,2015-09-11,1900-01-01 22:41:00,0,0.0,0.23,0.1,0.0,0.0,0.0,0.0,11SEP15:22:41:00,4,1,1,1,0
2952570,197_$_9_8_2015_3_30_00_PM_20170629_lmm5346joust.csv,197_$,9504,11363,4,285090,2015-09-11,1900-01-01 22:41:30,0,0.0,0.23,0.1,0.0,0.0,0.0,0.0,11SEP15:22:41:30,4,1,1,1,0
2952571,197_$_9_8_2015_3_30_00_PM_20170629_lmm5346joust.csv,197_$,9505,11364,4,285120,2015-09-11,1900-01-01 22:42:00,0,0.0,0.23,0.1,0.0,0.0,0.0,0.0,11SEP15:22:42:00,4,1,1,1,0
2952572,197_$_9_8_2015_3_30_00_PM_20170629_lmm5346joust.csv,197_$,9506,11365,4,285150,2015-09-11,1900-01-01 22:42:30,0,0.0,0.23,0.1,0.0,0.0,0.0,0.0,11SEP15:22:42:30,4,1,1,1,0
2952573,197_$_9_8_2015_3_30_00_PM_20170629_lmm5346joust.csv,197_$,9507,11366,4,285180,2015-09-11,1900-01-01 22:43:00,0,0.0,0.23,0.1,0.0,0.0,0.0,0.0,11SEP15:22:43:00,4,1,1,1,0
2952574,197_$_9_8_2015_3_30_00_PM_20170629_lmm5346joust.csv,197_$,9508,11367,4,285210,2015-09-11,1900-01-01 22:43:30,0,0.0,0.19,0.09,0.0,0.0,0.0,0.0,11SEP15:22:43:30,4,1,1,1,0
2952575,197_$_9_8_2015_3_30_00_PM_20170629_lmm5346joust.csv,197_$,9509,11368,4,285240,2015-09-11,1900-01-01 22:44:00,0,0.0,0.23,0.1,0.0,0.0,0.0,0.0,11SEP15:22:44:00,4,1,1,1,0
2952576,197_$_9_8_2015_3_30_00_PM_20170629_lmm5346joust.csv,197_$,9510,11369,4,285270,2015-09-11,1900-01-01 22:44:30,0,0.0,0.19,0.09,0.0,0.0,0.0,0.0,11SEP15:22:44:30,4,1,1,1,0
2952577,197_$_9_8_2015_3_30_00_PM_20170629_lmm5346joust.csv,197_$,9511,11370,4,285300,2015-09-11,1900-01-01 22:45:00,0,0.0,0.23,0.1,0.0,0.0,0.0,0.0,11SEP15:22:45:00,4,1,1,1,0
2952578,197_$_9_8_2015_3_30_00_PM_20170629_lmm5346joust.csv,197_$,9512,11371,4,285330,2015-09-11,1900-01-01 22:45:30,0,0.0,0.23,0.1,0.0,0.0,0.0,0.0,11SEP15:22:45:30,4,1,1,1,0
2952579,197_$_9_8_2015_3_30_00_PM_20170629_lmm5346joust.csv,197_$,9513,11372,4,285360,2015-09-11,1900-01-01 22:46:00,0,1.0,0.23,0.1,0.0,0.0,0.0,0.0,11SEP15:22:46:00,4,1,1,1,0
2952580,197_$_9_8_2015_3_30_00_PM_20170629_lmm5346joust.csv,197_$,9514,11373,4,285390,2015-09-11,1900-01-01 22:46:30,0,0.0,0.23,0.1,0.0,0.0,0.0,0.0,11SEP15:22:46:30,4,1,1,1,0
2952581,197_$_9_8_2015_3_30_00_PM_20170629_lmm5346joust.csv,197_$,9515,11374,4,285420,2015-09-11,1900-01-01 22:47:00,0,0.0,0.23,0.1,0.0,0.0,0.0,0.0,11SEP15:22:47:00,4,1,1,1,0
2952582,197_$_9_8_2015_3_30_00_PM_20170629_lmm5346joust.csv,197_$,9516,11375,4,285450,2015-09-11,1900-01-01 22:47:30,0,0.0,0.23,0.1,0.0,0.0,0.0,0.0,11SEP15:22:47:30,4,1,1,1,0
2952583,197_$_9_8_2015_3_30_00_PM_20170629_lmm5346joust.csv,197_$,9517,11376,4,285480,2015-09-11,1900-01-01 22:48:00,0,0.0,0.23,0.1,0.0,0.0,0.0,0.0,11SEP15:22:48:00,4,1,1,1,0
2952584,197_$_9_8_2015_3_30_00_PM_20170629_lmm5346joust.csv,197_$,9518,11377,4,285510,2015-09-11,1900-01-01 22:48:30,0,0.0,0.19,0.09,0.0,0.0,0.0,0.0,11SEP15:22:48:30,4,1,1,1,0
2952585,197_$_9_8_2015_3_30_00_PM_20170629_lmm5346joust.csv,197_$,9519,11378,4,285540,2015-09-11,1900-01-01 22:49:00,0,0.0,0.19,0.09,0.0,0.0,0.0,0.0,11SEP15:22:49:00,4,1,1,1,0
2952586,197_$_9_8_2015_3_30_00_PM_20170629_lmm5346joust.csv,197_$,9520,11379,4,285570,2015-09-11,1900-01-01 22:49:30,0,0.0,0.19,0.09,0.0,0.0,0.0,0.0,11SEP15:22:49:30,4,1,1,1,0
2952587,197_$_9_8_2015_3_30_00_PM_20170629_lmm5346joust.csv,197_$,9521,11380,4,285600,2015-09-11,1900-01-01 22:50:00,0,0.0,0.19,0.09,0.0,0.0,0.0,0.0,11SEP15:22:50:00,4,1,1,1,0
2952588,197_$_9_8_2015_3_30_00_PM_20170629_lmm5346joust.csv,197_$,9522,11381,4,285630,2015-09-11,1900-01-01 22:50:30,0,0.0,0.19,0.09,0.0,0.0,0.0,0.0,11SEP15:22:50:30,4,1,1,1,0
2952589,197_$_9_8_2015_3_30_00_PM_20170629_lmm5346joust.csv,197_$,9523,11382,4,285660,2015-09-11,1900-01-01 22:51:00,0,0.0,0.19,0.09,0.0,0.0,0.0,0.0,11SEP15:22:51:00,4,1,1,1,0
2952590,197_$_9_8_2015_3_30_00_PM_20170629_lmm5346joust.csv,197_$,9524,11383,4,285690,2015-09-11,1900-01-01 22:51:30,0,0.0,0.19,0.09,0.0,0.0,0.0,0.0,11SEP15:22:51:30,4,1,1,1,0
2952591,197_$_9_8_2015_3_30_00_PM_20170629_lmm5346joust.csv,197_$,9525,11384,4,285720,2015-09-11,1900-01-01 22:52:00,0,0.0,0.19,0.09,0.0,0.0,0.0,0.0,11SEP15:22:52:00,4,1,1,1,0
2952592,197_$_9_8_2015_3_30_00_PM_20170629_lmm5346joust.csv,197_$,9526,11385,4,285750,2015-09-11,1900-01-01 22:52:30,0,0.0,0.19,0.09,0.0,0.0,0.0,0.0,11SEP15:22:52:30,4,1,1,1,0
2952593,197_$_9_8_2015_3_30_00_PM_20170629_lmm5346joust.csv,197_$,9527,11386,4,285780,2015-09-11,1900-01-01 22:53:00,0,0.0,0.23,0.1,0.0,0.0,0.0,0.0,11SEP15:22:53:00,4,1,1,1,0
2952594,197_$_9_8_2015_3_30_00_PM_20170629_lmm5346joust.csv,197_$,9528,11387,4,285810,2015-09-11,1900-01-01 22:53:30,0,0.0,0.19,0.09,0.0,0.0,0.0,0.0,11SEP15:22:53:30,4,1,1,1,0
2952595,197_$_9_8_2015_3_30_00_PM_20170629_lmm5346joust.csv,197_$,9529,11388,4,285840,2015-09-11,1900-01-01 22:54:00,0,0.0,0.19,0.09,0.0,0.0,0.0,0.0,11SEP15:22:54:00,4,1,1,1,0
2952596,197_$_9_8_2015_3_30_00_PM_20170629_lmm5346joust.csv,197_$,9530,11389,4,285870,2015-09-11,1900-01-01 22:54:30,0,0.0,0.19,0.09,0.0,0.0,0.0,0.0,11SEP15:22:54:30,4,1,1,1,0
2952597,197_$_9_8_2015_3_30_00_PM_20170629_lmm5346joust.csv,197_$,9531,11390,4,285900,2015-09-11,1900-01-01 22:55:00,0,0.0,0.23,0.1,0.0,0.0,0.0,0.0,11SEP15:22:55:00,4,1,1,1,0
2952598,197_$_9_8_2015_3_30_00_PM_20170629_lmm5346joust.csv,197_$,9532,11391,4,285930,2015-09-11,1900-01-01 22:55:30,0,0.0,0.23,0.1,0.0,0.0,0.0,0.0,11SEP15:22:55:30,4,1,1,1,0
2952599,197_$_9_8_2015_3_30_00_PM_20170629_lmm5346joust.csv,197_$,9533,11392,4,285960,2015-09-11,1900-01-01 22:56:00,0,0.0,0.23,0.1,0.0,0.0,0.0,0.0,11SEP15:22:56:00,4,1,1,1,0
2952600,197_$_9_8_2015_3_30_00_PM_20170629_lmm5346joust.csv,197_$,9534,11393,4,285990,2015-09-11,1900-01-01 22:56:30,0,0.0,0.23,0.1,0.0,0.0,0.0,0.0,11SEP15:22:56:30,4,1,1,1,0
2952601,197_$_9_8_2015_3_30_00_PM_20170629_lmm5346joust.csv,197_$,9535,11394,4,286020,2015-09-11,1900-01-01 22:57:00,0,0.0,0.23,0.1,0.0,0.0,0.0,0.0,11SEP15:22:57:00,4,1,1,1,0
2952602,197_$_9_8_2015_3_30_00_PM_20170629_lmm5346joust.csv,197_$,9536,11395,4,286050,2015-09-11,1900-01-01 22:57:30,0,0.0,0.23,0.1,0.0,0.0,0.0,0.0,11SEP15:22:57:30,4,1,1,1,0
2952603,197_$_9_8_2015_3_30_00_PM_20170629_lmm5346joust.csv,197_$,9537,11396,4,286080,2015-09-11,1900-01-01 22:58:00,0,0.0,0.19,0.09,0.0,0.0,0.0,0.0,11SEP15:22:58:00,4,1,1,1,0
2952604,197_$_9_8_2015_3_30_00_PM_20170629_lmm5346joust.csv,197_$,9538,11397,4,286110,2015-09-11,1900-01-01 22:58:30,0,0.0,0.23,0.1,0.0,0.0,0.0,0.0,11SEP15:22:58:30,4,1,1,1,0
2952605,197_$_9_8_2015_3_30_00_PM_20170629_lmm5346joust.csv,197_$,9539,11398,4,286140,2015-09-11,1900-01-01 22:59:00,0,0.0,0.19,0.09,0.0,0.0,0.0,0.0,11SEP15:22:59:00,4,1,1,1,0
2952606,197_$_9_8_2015_3_30_00_PM_20170629_lmm5346joust.csv,197_$,9540,11399,4,286170,2015-09-11,1900-01-01 22:59:30,0,0.0,0.19,0.09,0.0,0.0,0.0,0.0,11SEP15:22:59:30,4,1,1,1,0
2952607,197_$_9_8_2015_3_30_00_PM_20170629_lmm5346joust.csv,197_$,9541,11400,4,286200,2015-09-11,1900-01-01 23:00:00,0,0.0,0.19,0.09,0.0,0.0,0.0,0.0,11SEP15:23:00:00,4,1,1,1,0
2952608,197_$_9_8_2015_3_30_00_PM_20170629_lmm5346joust.csv,197_$,9542,11401,4,286230,2015-09-11,1900-01-01 23:00:30,0,0.0,0.19,0.09,0.0,0.0,0.0,0.0,11SEP15:23:00:30,4,1,1,1,0
2952609,197_$_9_8_2015_3_30_00_PM_20170629_lmm5346joust.csv,197_$,9543,11402,4,286260,2015-09-11,1900-01-01 23:01:00,0,0.0,0.19,0.09,0.0,0.0,0.0,0.0,11SEP15:23:01:00,4,1,1,1,0
2952610,197_$_9_8_2015_3_30_00_PM_20170629_lmm5346joust.csv,197_$,9544,11403,4,286290,2015-09-11,1900-01-01 23:01:30,0,1.0,0.19,0.09,0.0,0.0,0.0,0.0,11SEP15:23:01:30,4,1,1,1,0
2952611,197_$_9_8_2015_3_30_00_PM_20170629_lmm5346joust.csv,197_$,9545,11404,4,286320,2015-09-11,1900-01-01 23:02:00,0,89.0,0.19,0.09,0.0,0.0,1.0,1.0,11SEP15:23:02:00,4,1,1,1,0
2952612,197_$_9_8_2015_3_30_00_PM_20170629_lmm5346joust.csv,197_$,9546,11405,4,286350,2015-09-11,1900-01-01 23:02:30,0,9.0,0.19,0.09,0.0,0.0,0.0,1.0,11SEP15:23:02:30,4,1,1,1,0
2952613,197_$_9_8_2015_3_30_00_PM_20170629_lmm5346joust.csv,197_$,9547,11406,4,286380,2015-09-11,1900-01-01 23:03:00,0,0.0,0.19,0.09,0.0,0.0,0.0,0.0,11SEP15:23:03:00,4,1,1,1,0
2952614,197_$_9_8_2015_3_30_00_PM_20170629_lmm5346joust.csv,197_$,9548,11407,4,286410,2015-09-11,1900-01-01 23:03:30,0,0.0,0.19,0.09,0.0,0.0,0.0,0.0,11SEP15:23:03:30,4,1,1,1,0
2952615,197_$_9_8_2015_3_30_00_PM_20170629_lmm5346joust.csv,197_$,9549,11408,4,286440,2015-09-11,1900-01-01 23:04:00,0,0.0,0.19,0.09,0.0,0.0,0.0,0.0,11SEP15:23:04:00,4,1,1,1,0
2952616,197_$_9_8_2015_3_30_00_PM_20170629_lmm5346joust.csv,197_$,9550,11409,4,286470,2015-09-11,1900-01-01 23:04:30,0,0.0,0.19,0.09,0.0,0.0,0.0,0.0,11SEP15:23:04:30,4,1,1,1,0
2952617,197_$_9_8_2015_3_30_00_PM_20170629_lmm5346joust.csv,197_$,9551,11410,4,286500,2015-09-11,1900-01-01 23:05:00,0,0.0,0.19,0.09,0.0,0.0,0.0,0.0,11SEP15:23:05:00,4,1,1,1,0
2952618,197_$_9_8_2015_3_30_00_PM_20170629_lmm5346joust.csv,197_$,9552,11411,4,286530,2015-09-11,1900-01-01 23:05:30,0,0.0,0.19,0.09,0.0,0.0,0.0,0.0,11SEP15:23:05:30,4,1,1,1,0
2952619,197_$_9_8_2015_3_30_00_PM_20170629_lmm5346joust.csv,197_$,9553,11412,4,286560,2015-09-11,1900-01-01 23:06:00,0,18.0,0.19,0.09,0.0,0.0,0.0,1.0,11SEP15:23:06:00,4,1,1,1,0
2952620,197_$_9_8_2015_3_30_00_PM_20170629_lmm5346joust.csv,197_$,9554,11413,4,286590,2015-09-11,1900-01-01 23:06:30,0,0.0,0.19,0.09,0.0,0.0,0.0,0.0,11SEP15:23:06:30,4,1,1,1,0
2952621,197_$_9_8_2015_3_30_00_PM_20170629_lmm5346joust.csv,197_$,9555,11414,4,286620,2015-09-11,1900-01-01 23:07:00,0,0.0,0.19,0.09,0.0,0.0,0.0,0.0,11SEP15:23:07:00,4,1,1,1,0
2952622,197_$_9_8_2015_3_30_00_PM_20170629_lmm5346joust.csv,197_$,9556,11415,4,286650,2015-09-11,1900-01-01 23:07:30,0,0.0,0.19,0.09,0.0,0.0,0.0,0.0,11SEP15:23:07:30,4,1,1,1,0
2952623,197_$_9_8_2015_3_30_00_PM_20170629_lmm5346joust.csv,197_$,9557,11416,4,286680,2015-09-11,1900-01-01 23:08:00,0,0.0,0.19,0.09,0.0,0.0,0.0,0.0,11SEP15:23:08:00,4,1,1,1,0
2952624,197_$_9_8_2015_3_30_00_PM_20170629_lmm5346joust.csv,197_$,9558,11417,4,286710,2015-09-11,1900-01-01 23:08:30,0,0.0,0.19,0.09,0.0,0.0,0.0,0.0,11SEP15:23:08:30,4,1,1,1,0
2952625,197_$_9_8_2015_3_30_00_PM_20170629_lmm5346joust.csv,197_$,9559,11418,4,286740,2015-09-11,1900-01-01 23:09:00,0,0.0,0.19,0.09,0.0,0.0,0.0,0.0,11SEP15:23:09:00,4,1,1,1,0
2952626,197_$_9_8_2015_3_30_00_PM_20170629_lmm5346joust.csv,197_$,9560,11419,4,286770,2015-09-11,1900-01-01 23:09:30,0,1.0,0.19,0.09,0.0,0.0,0.0,0.0,11SEP15:23:09:30,4,1,1,1,0
2952627,197_$_9_8_2015_3_30_00_PM_20170629_lmm5346joust.csv,197_$,9561,11420,4,286800,2015-09-11,1900-01-01 23:10:00,0,0.0,0.19,0.09,0.0,0.0,0.0,0.0,11SEP15:23:10:00,4,1,1,1,0
2952628,197_$_9_8_2015_3_30_00_PM_20170629_lmm5346joust.csv,197_$,9562,11421,4,286830,2015-09-11,1900-01-01 23:10:30,0,0.0,0.19,0.09,0.0,0.0,0.0,0.0,11SEP15:23:10:30,4,1,1,1,0
2952629,197_$_9_8_2015_3_30_00_PM_20170629_lmm5346joust.csv,197_$,9563,11422,4,286860,2015-09-11,1900-01-01 23:11:00,0,0.0,0.19,0.09,0.0,0.0,0.0,0.0,11SEP15:23:11:00,4,1,1,1,0
2952630,197_$_9_8_2015_3_30_00_PM_20170629_lmm5346joust.csv,197_$,9564,11423,4,286890,2015-09-11,1900-01-01 23:11:30,0,0.0,0.19,0.09,0.0,0.0,0.0,0.0,11SEP15:23:11:30,4,1,1,1,0
2952631,197_$_9_8_2015_3_30_00_PM_20170629_lmm5346joust.csv,197_$,9565,11424,4,286920,2015-09-11,1900-01-01 23:12:00,0,0.0,0.19,0.09,0.0,0.0,0.0,0.0,11SEP15:23:12:00,4,1,1,1,0
2952632,197_$_9_8_2015_3_30_00_PM_20170629_lmm5346joust.csv,197_$,9566,11425,4,286950,2015-09-11,1900-01-01 23:12:30,0,0.0,0.19,0.09,0.0,0.0,0.0,0.0,11SEP15:23:12:30,4,1,1,1,0
2952633,197_$_9_8_2015_3_30_00_PM_20170629_lmm5346joust.csv,197_$,9567,11426,4,286980,2015-09-11,1900-01-01 23:13:00,0,0.0,0.19,0.09,0.0,0.0,0.0,0.0,11SEP15:23:13:00,4,1,1,1,0
2952634,197_$_9_8_2015_3_30_00_PM_20170629_lmm5346joust.csv,197_$,9568,11427,4,287010,2015-09-11,1900-01-01 23:13:30,0,0.0,0.19,0.09,0.0,0.0,0.0,0.0,11SEP15:23:13:30,4,1,1,1,0
2952635,197_$_9_8_2015_3_30_00_PM_20170629_lmm5346joust.csv,197_$,9569,11428,4,287040,2015-09-11,1900-01-01 23:14:00,0,0.0,0.19,0.09,0.0,0.0,0.0,0.0,11SEP15:23:14:00,4,1,1,1,0
2952636,197_$_9_8_2015_3_30_00_PM_20170629_lmm5346joust.csv,197_$,9570,11429,4,287070,2015-09-11,1900-01-01 23:14:30,0,0.0,0.19,0.09,0.0,0.0,0.0,0.0,11SEP15:23:14:30,4,1,1,1,0
2952637,197_$_9_8_2015_3_30_00_PM_20170629_lmm5346joust.csv,197_$,9571,11430,4,287100,2015-09-11,1900-01-01 23:15:00,0,0.0,0.19,0.09,0.0,0.0,0.0,0.0,11SEP15:23:15:00,4,1,1,1,0
2952638,197_$_9_8_2015_3_30_00_PM_20170629_lmm5346joust.csv,197_$,9572,11431,4,287130,2015-09-11,1900-01-01 23:15:30,0,0.0,0.19,0.09,0.0,0.0,0.0,0.0,11SEP15:23:15:30,4,1,1,1,0
2952639,197_$_9_8_2015_3_30_00_PM_20170629_lmm5346joust.csv,197_$,9573,11432,4,287160,2015-09-11,1900-01-01 23:16:00,0,0.0,0.19,0.09,0.0,0.0,0.0,0.0,11SEP15:23:16:00,4,1,1,1,0
2952640,197_$_9_8_2015_3_30_00_PM_20170629_lmm5346joust.csv,197_$,9574,11433,4,287190,2015-09-11,1900-01-01 23:16:30,0,0.0,0.19,0.09,0.0,0.0,0.0,0.0,11SEP15:23:16:30,4,1,1,1,0
2952641,197_$_9_8_2015_3_30_00_PM_20170629_lmm5346joust.csv,197_$,9575,11434,4,287220,2015-09-11,1900-01-01 23:17:00,0,0.0,0.19,0.09,0.0,0.0,0.0,0.0,11SEP15:23:17:00,4,1,1,1,0
2952642,197_$_9_8_2015_3_30_00_PM_20170629_lmm5346joust.csv,197_$,9576,11435,4,287250,2015-09-11,1900-01-01 23:17:30,0,0.0,0.19,0.09,0.0,0.0,0.0,0.0,11SEP15:23:17:30,4,1,1,1,0
2952643,197_$_9_8_2015_3_30_00_PM_20170629_lmm5346joust.csv,197_$,9577,11436,4,287280,2015-09-11,1900-01-01 23:18:00,0,0.0,0.19,0.09,0.0,0.0,0.0,0.0,11SEP15:23:18:00,4,1,1,1,0
2952644,197_$_9_8_2015_3_30_00_PM_20170629_lmm5346joust.csv,197_$,9578,11437,4,287310,2015-09-11,1900-01-01 23:18:30,0,0.0,0.19,0.09,0.0,0.0,0.0,0.0,11SEP15:23:18:30,4,1,1,1,0
2952645,197_$_9_8_2015_3_30_00_PM_20170629_lmm5346joust.csv,197_$,9579,11438,4,287340,2015-09-11,1900-01-01 23:19:00,0,0.0,0.19,0.09,0.0,0.0,0.0,0.0,11SEP15:23:19:00,4,1,1,1,0
2952646,197_$_9_8_2015_3_30_00_PM_20170629_lmm5346joust.csv,197_$,9580,11439,4,287370,2015-09-11,1900-01-01 23:19:30,0,0.0,0.19,0.09,0.0,0.0,0.0,0.0,11SEP15:23:19:30,4,1,1,1,0
2952647,197_$_9_8_2015_3_30_00_PM_20170629_lmm5346joust.csv,197_$,9581,11440,4,287400,2015-09-11,1900-01-01 23:20:00,0,0.0,0.19,0.09,0.0,0.0,0.0,0.0,11SEP15:23:20:00,4,1,1,1,0
2952648,197_$_9_8_2015_3_30_00_PM_20170629_lmm5346joust.csv,197_$,9582,11441,4,287430,2015-09-11,1900-01-01 23:20:30,0,0.0,0.19,0.09,0.0,0.0,0.0,0.0,11SEP15:23:20:30,4,1,1,1,0
2952649,197_$_9_8_2015_3_30_00_PM_20170629_lmm5346joust.csv,197_$,9583,11442,4,287460,2015-09-11,1900-01-01 23:21:00,0,0.0,0.19,0.09,0.0,0.0,0.0,0.0,11SEP15:23:21:00,4,1,1,1,0
2952650,197_$_9_8_2015_3_30_00_PM_20170629_lmm5346joust.csv,197_$,9584,11443,4,287490,2015-09-11,1900-01-01 23:21:30,0,0.0,0.19,0.09,0.0,0.0,0.0,0.0,11SEP15:23:21:30,4,1,1,1,0
2952651,197_$_9_8_2015_3_30_00_PM_20170629_lmm5346joust.csv,197_$,9585,11444,4,287520,2015-09-11,1900-01-01 23:22:00,0,0.0,0.19,0.09,0.0,0.0,0.0,0.0,11SEP15:23:22:00,4,1,1,1,0
2952652,197_$_9_8_2015_3_30_00_PM_20170629_lmm5346joust.csv,197_$,9586,11445,4,287550,2015-09-11,1900-01-01 23:22:30,0,0.0,0.19,0.09,0.0,0.0,0.0,0.0,11SEP15:23:22:30,4,1,1,1,0
2952653,197_$_9_8_2015_3_30_00_PM_20170629_lmm5346joust.csv,197_$,9587,11446,4,287580,2015-09-11,1900-01-01 23:23:00,0,0.0,0.19,0.09,0.0,0.0,0.0,0.0,11SEP15:23:23:00,4,1,1,1,0
2952654,197_$_9_8_2015_3_30_00_PM_20170629_lmm5346joust.csv,197_$,9588,11447,4,287610,2015-09-11,1900-01-01 23:23:30,0,0.0,0.19,0.09,0.0,0.0,0.0,0.0,11SEP15:23:23:30,4,1,1,1,0
2952655,197_$_9_8_2015_3_30_00_PM_20170629_lmm5346joust.csv,197_$,9589,11448,4,287640,2015-09-11,1900-01-01 23:24:00,0,0.0,0.19,0.09,0.0,0.0,0.0,0.0,11SEP15:23:24:00,4,1,1,1,0
2952656,197_$_9_8_2015_3_30_00_PM_20170629_lmm5346joust.csv,197_$,9590,11449,4,287670,2015-09-11,1900-01-01 23:24:30,0,0.0,0.19,0.09,0.0,0.0,0.0,0.0,11SEP15:23:24:30,4,1,1,1,0
2952657,197_$_9_8_2015_3_30_00_PM_20170629_lmm5346joust.csv,197_$,9591,11450,4,287700,2015-09-11,1900-01-01 23:25:00,0,0.0,0.19,0.09,0.0,0.0,0.0,0.0,11SEP15:23:25:00,4,1,1,1,0
2952658,197_$_9_8_2015_3_30_00_PM_20170629_lmm5346joust.csv,197_$,9592,11451,4,287730,2015-09-11,1900-01-01 23:25:30,0,0.0,0.19,0.09,0.0,0.0,0.0,0.0,11SEP15:23:25:30,4,1,1,1,0
2952659,197_$_9_8_2015_3_30_00_PM_20170629_lmm5346joust.csv,197_$,9593,11452,4,287760,2015-09-11,1900-01-01 23:26:00,0,0.0,0.19,0.09,0.0,0.0,0.0,0.0,11SEP15:23:26:00,4,1,1,1,0
2952660,197_$_9_8_2015_3_30_00_PM_20170629_lmm5346joust.csv,197_$,9594,11453,4,287790,2015-09-11,1900-01-01 23:26:30,0,0.0,0.19,0.09,0.0,0.0,0.0,0.0,11SEP15:23:26:30,4,1,1,1,0
2952661,197_$_9_8_2015_3_30_00_PM_20170629_lmm5346joust.csv,197_$,9595,11454,4,287820,2015-09-11,1900-01-01 23:27:00,0,0.0,0.19,0.09,0.0,0.0,0.0,0.0,11SEP15:23:27:00,4,1,1,1,0
2952662,197_$_9_8_2015_3_30_00_PM_20170629_lmm5346joust.csv,197_$,9596,11455,4,287850,2015-09-11,1900-01-01 23:27:30,0,0.0,0.19,0.09,0.0,0.0,0.0,0.0,11SEP15:23:27:30,4,1,1,1,0
2952663,197_$_9_8_2015_3_30_00_PM_20170629_lmm5346joust.csv,197_$,9597,11456,4,287880,2015-09-11,1900-01-01 23:28:00,0,0.0,0.19,0.09,0.0,0.0,0.0,0.0,11SEP15:23:28:00,4,1,1,1,0
2952664,197_$_9_8_2015_3_30_00_PM_20170629_lmm5346joust.csv,197_$,9598,11457,4,287910,2015-09-11,1900-01-01 23:28:30,0,0.0,0.19,0.09,0.0,0.0,0.0,0.0,11SEP15:23:28:30,4,1,1,1,0
2952665,197_$_9_8_2015_3_30_00_PM_20170629_lmm5346joust.csv,197_$,9599,11458,4,287940,2015-09-11,1900-01-01 23:29:00,0,0.0,0.19,0.09,0.0,0.0,0.0,0.0,11SEP15:23:29:00,4,1,1,1,0
2952666,197_$_9_8_2015_3_30_00_PM_20170629_lmm5346joust.csv,197_$,9600,11459,4,287970,2015-09-11,1900-01-01 23:29:30,0,0.0,0.19,0.09,0.0,0.0,0.0,0.0,11SEP15:23:29:30,4,1,1,1,0
2952667,197_$_9_8_2015_3_30_00_PM_20170629_lmm5346joust.csv,197_$,9601,11460,4,288000,2015-09-11,1900-01-01 23:30:00,0,0.0,0.19,0.09,0.0,0.0,0.0,0.0,11SEP15:23:30:00,4,1,1,1,0
2952668,197_$_9_8_2015_3_30_00_PM_20170629_lmm5346joust.csv,197_$,9602,11461,4,288030,2015-09-11,1900-01-01 23:30:30,0,0.0,0.19,0.09,0.0,0.0,0.0,0.0,11SEP15:23:30:30,4,1,1,1,0
2952669,197_$_9_8_2015_3_30_00_PM_20170629_lmm5346joust.csv,197_$,9603,11462,4,288060,2015-09-11,1900-01-01 23:31:00,0,0.0,0.19,0.09,0.0,0.0,0.0,0.0,11SEP15:23:31:00,4,1,1,1,0
2952670,197_$_9_8_2015_3_30_00_PM_20170629_lmm5346joust.csv,197_$,9604,11463,4,288090,2015-09-11,1900-01-01 23:31:30,0,0.0,0.19,0.09,0.0,0.0,0.0,0.0,11SEP15:23:31:30,4,1,1,1,0
2952671,197_$_9_8_2015_3_30_00_PM_20170629_lmm5346joust.csv,197_$,9605,11464,4,288120,2015-09-11,1900-01-01 23:32:00,0,0.0,0.19,0.09,0.0,0.0,0.0,0.0,11SEP15:23:32:00,4,1,1,1,0
2952672,197_$_9_8_2015_3_30_00_PM_20170629_lmm5346joust.csv,197_$,9606,11465,4,288150,2015-09-11,1900-01-01 23:32:30,0,0.0,0.19,0.09,0.0,0.0,0.0,0.0,11SEP15:23:32:30,4,1,1,1,0
2952673,197_$_9_8_2015_3_30_00_PM_20170629_lmm5346joust.csv,197_$,9607,11466,4,288180,2015-09-11,1900-01-01 23:33:00,0,0.0,0.19,0.09,0.0,0.0,0.0,0.0,11SEP15:23:33:00,4,1,1,1,0
2952674,197_$_9_8_2015_3_30_00_PM_20170629_lmm5346joust.csv,197_$,9608,11467,4,288210,2015-09-11,1900-01-01 23:33:30,0,0.0,0.19,0.09,0.0,0.0,0.0,0.0,11SEP15:23:33:30,4,1,1,1,0
2952675,197_$_9_8_2015_3_30_00_PM_20170629_lmm5346joust.csv,197_$,9609,11468,4,288240,2015-09-11,1900-01-01 23:34:00,0,0.0,0.19,0.09,0.0,0.0,0.0,0.0,11SEP15:23:34:00,4,1,1,1,0
2952676,197_$_9_8_2015_3_30_00_PM_20170629_lmm5346joust.csv,197_$,9610,11469,4,288270,2015-09-11,1900-01-01 23:34:30,0,0.0,0.19,0.09,0.0,0.0,0.0,0.0,11SEP15:23:34:30,4,1,1,1,0
2952677,197_$_9_8_2015_3_30_00_PM_20170629_lmm5346joust.csv,197_$,9611,11470,4,288300,2015-09-11,1900-01-01 23:35:00,0,0.0,0.19,0.09,0.0,0.0,0.0,0.0,11SEP15:23:35:00,4,1,1,1,0
2952678,197_$_9_8_2015_3_30_00_PM_20170629_lmm5346joust.csv,197_$,9612,11471,4,288330,2015-09-11,1900-01-01 23:35:30,0,0.0,0.19,0.09,0.0,0.0,0.0,0.0,11SEP15:23:35:30,4,1,1,1,0
2952679,197_$_9_8_2015_3_30_00_PM_20170629_lmm5346joust.csv,197_$,9613,11472,4,288360,2015-09-11,1900-01-01 23:36:00,0,0.0,0.19,0.09,0.0,0.0,0.0,0.0,11SEP15:23:36:00,4,1,1,1,0
2952680,197_$_9_8_2015_3_30_00_PM_20170629_lmm5346joust.csv,197_$,9614,11473,4,288390,2015-09-11,1900-01-01 23:36:30,0,0.0,0.19,0.09,0.0,0.0,0.0,0.0,11SEP15:23:36:30,4,1,1,1,0
2952681,197_$_9_8_2015_3_30_00_PM_20170629_lmm5346joust.csv,197_$,9615,11474,4,288420,2015-09-11,1900-01-01 23:37:00,0,9.0,0.19,0.09,0.0,0.0,0.0,1.0,11SEP15:23:37:00,4,1,1,1,0
2952682,197_$_9_8_2015_3_30_00_PM_20170629_lmm5346joust.csv,197_$,9616,11475,4,288450,2015-09-11,1900-01-01 23:37:30,0,0.0,0.19,0.09,0.0,0.0,0.0,0.0,11SEP15:23:37:30,4,1,1,1,0
2952683,197_$_9_8_2015_3_30_00_PM_20170629_lmm5346joust.csv,197_$,9617,11476,4,288480,2015-09-11,1900-01-01 23:38:00,0,37.0,0.19,0.09,0.0,0.0,1.0,1.0,11SEP15:23:38:00,4,1,1,1,0
2952684,197_$_9_8_2015_3_30_00_PM_20170629_lmm5346joust.csv,197_$,9618,11477,4,288510,2015-09-11,1900-01-01 23:38:30,0,0.0,0.19,0.09,0.0,0.0,0.0,0.0,11SEP15:23:38:30,4,1,1,1,0
2952685,197_$_9_8_2015_3_30_00_PM_20170629_lmm5346joust.csv,197_$,9619,11478,4,288540,2015-09-11,1900-01-01 23:39:00,0,0.0,0.19,0.09,0.0,0.0,0.0,0.0,11SEP15:23:39:00,4,1,1,1,0
2952686,197_$_9_8_2015_3_30_00_PM_20170629_lmm5346joust.csv,197_$,9620,11479,4,288570,2015-09-11,1900-01-01 23:39:30,0,0.0,0.19,0.09,0.0,0.0,0.0,0.0,11SEP15:23:39:30,4,1,1,1,0
2952687,197_$_9_8_2015_3_30_00_PM_20170629_lmm5346joust.csv,197_$,9621,11480,4,288600,2015-09-11,1900-01-01 23:40:00,0,0.0,0.19,0.09,0.0,0.0,0.0,0.0,11SEP15:23:40:00,4,1,1,1,0
2952688,197_$_9_8_2015_3_30_00_PM_20170629_lmm5346joust.csv,197_$,9622,11481,4,288630,2015-09-11,1900-01-01 23:40:30,0,0.0,0.19,0.09,0.0,0.0,0.0,0.0,11SEP15:23:40:30,4,1,1,1,0
2952689,197_$_9_8_2015_3_30_00_PM_20170629_lmm5346joust.csv,197_$,9623,11482,4,288660,2015-09-11,1900-01-01 23:41:00,0,0.0,0.19,0.09,0.0,0.0,0.0,0.0,11SEP15:23:41:00,4,1,1,1,0
2952690,197_$_9_8_2015_3_30_00_PM_20170629_lmm5346joust.csv,197_$,9624,11483,4,288690,2015-09-11,1900-01-01 23:41:30,0,0.0,0.19,0.09,0.0,0.0,0.0,0.0,11SEP15:23:41:30,4,1,1,1,0
2952691,197_$_9_8_2015_3_30_00_PM_20170629_lmm5346joust.csv,197_$,9625,11484,4,288720,2015-09-11,1900-01-01 23:42:00,0,0.0,0.19,0.09,0.0,0.0,0.0,0.0,11SEP15:23:42:00,4,1,1,1,0
2952692,197_$_9_8_2015_3_30_00_PM_20170629_lmm5346joust.csv,197_$,9626,11485,4,288750,2015-09-11,1900-01-01 23:42:30,0,0.0,0.19,0.09,0.0,0.0,0.0,0.0,11SEP15:23:42:30,4,1,1,1,0
2952693,197_$_9_8_2015_3_30_00_PM_20170629_lmm5346joust.csv,197_$,9627,11486,4,288780,2015-09-11,1900-01-01 23:43:00,0,0.0,0.19,0.09,0.0,0.0,0.0,0.0,11SEP15:23:43:00,4,1,1,1,0
2952694,197_$_9_8_2015_3_30_00_PM_20170629_lmm5346joust.csv,197_$,9628,11487,4,288810,2015-09-11,1900-01-01 23:43:30,0,46.0,0.19,0.09,0.0,0.0,1.0,1.0,11SEP15:23:43:30,4,1,1,1,0
2952695,197_$_9_8_2015_3_30_00_PM_20170629_lmm5346joust.csv,197_$,9629,11488,4,288840,2015-09-11,1900-01-01 23:44:00,0,0.0,0.19,0.09,0.0,0.0,0.0,0.0,11SEP15:23:44:00,4,1,1,1,0
2952696,197_$_9_8_2015_3_30_00_PM_20170629_lmm5346joust.csv,197_$,9630,11489,4,288870,2015-09-11,1900-01-01 23:44:30,0,0.0,0.19,0.09,0.0,0.0,0.0,0.0,11SEP15:23:44:30,4,1,1,1,0
2952697,197_$_9_8_2015_3_30_00_PM_20170629_lmm5346joust.csv,197_$,9631,11490,4,288900,2015-09-11,1900-01-01 23:45:00,0,0.0,0.19,0.09,0.0,0.0,0.0,0.0,11SEP15:23:45:00,4,1,1,1,0
2952698,197_$_9_8_2015_3_30_00_PM_20170629_lmm5346joust.csv,197_$,9632,11491,4,288930,2015-09-11,1900-01-01 23:45:30,0,0.0,0.19,0.09,0.0,0.0,0.0,0.0,11SEP15:23:45:30,4,1,1,1,0
2952699,197_$_9_8_2015_3_30_00_PM_20170629_lmm5346joust.csv,197_$,9633,11492,4,288960,2015-09-11,1900-01-01 23:46:00,0,0.0,0.19,0.09,0.0,0.0,0.0,0.0,11SEP15:23:46:00,4,1,1,1,0
2952700,197_$_9_8_2015_3_30_00_PM_20170629_lmm5346joust.csv,197_$,9634,11493,4,288990,2015-09-11,1900-01-01 23:46:30,0,0.0,0.19,0.09,0.0,0.0,0.0,0.0,11SEP15:23:46:30,4,1,1,1,0
2952701,197_$_9_8_2015_3_30_00_PM_20170629_lmm5346joust.csv,197_$,9635,11494,4,289020,2015-09-11,1900-01-01 23:47:00,0,0.0,0.19,0.09,0.0,0.0,0.0,0.0,11SEP15:23:47:00,4,1,1,1,0
2952702,197_$_9_8_2015_3_30_00_PM_20170629_lmm5346joust.csv,197_$,9636,11495,4,289050,2015-09-11,1900-01-01 23:47:30,0,0.0,0.19,0.09,0.0,0.0,0.0,0.0,11SEP15:23:47:30,4,1,1,1,0
2952703,197_$_9_8_2015_3_30_00_PM_20170629_lmm5346joust.csv,197_$,9637,11496,4,289080,2015-09-11,1900-01-01 23:48:00,0,30.0,0.19,0.09,0.0,0.0,1.0,1.0,11SEP15:23:48:00,4,1,1,1,0
2952704,197_$_9_8_2015_3_30_00_PM_20170629_lmm5346joust.csv,197_$,9638,11497,4,289110,2015-09-11,1900-01-01 23:48:30,0,0.0,0.19,0.09,0.0,0.0,0.0,0.0,11SEP15:23:48:30,4,1,1,1,0
2952705,197_$_9_8_2015_3_30_00_PM_20170629_lmm5346joust.csv,197_$,9639,11498,4,289140,2015-09-11,1900-01-01 23:49:00,0,0.0,0.19,0.09,0.0,0.0,0.0,0.0,11SEP15:23:49:00,4,1,1,1,0
2952706,197_$_9_8_2015_3_30_00_PM_20170629_lmm5346joust.csv,197_$,9640,11499,4,289170,2015-09-11,1900-01-01 23:49:30,0,0.0,0.19,0.09,0.0,0.0,0.0,0.0,11SEP15:23:49:30,4,1,1,1,0
2952707,197_$_9_8_2015_3_30_00_PM_20170629_lmm5346joust.csv,197_$,9641,11500,4,289200,2015-09-11,1900-01-01 23:50:00,0,0.0,0.19,0.09,0.0,0.0,0.0,0.0,11SEP15:23:50:00,4,1,1,1,0
2952708,197_$_9_8_2015_3_30_00_PM_20170629_lmm5346joust.csv,197_$,9642,11501,4,289230,2015-09-11,1900-01-01 23:50:30,0,0.0,0.19,0.09,0.0,0.0,0.0,0.0,11SEP15:23:50:30,4,1,1,1,0
2952709,197_$_9_8_2015_3_30_00_PM_20170629_lmm5346joust.csv,197_$,9643,11502,4,289260,2015-09-11,1900-01-01 23:51:00,0,0.0,0.19,0.09,0.0,0.0,0.0,0.0,11SEP15:23:51:00,4,1,1,1,0
2952710,197_$_9_8_2015_3_30_00_PM_20170629_lmm5346joust.csv,197_$,9644,11503,4,289290,2015-09-11,1900-01-01 23:51:30,0,0.0,0.19,0.09,0.0,0.0,0.0,0.0,11SEP15:23:51:30,4,1,1,1,0
2952711,197_$_9_8_2015_3_30_00_PM_20170629_lmm5346joust.csv,197_$,9645,11504,4,289320,2015-09-11,1900-01-01 23:52:00,0,0.0,0.19,0.09,0.0,0.0,0.0,0.0,11SEP15:23:52:00,4,1,1,1,0
2952712,197_$_9_8_2015_3_30_00_PM_20170629_lmm5346joust.csv,197_$,9646,11505,4,289350,2015-09-11,1900-01-01 23:52:30,0,12.0,0.19,0.09,0.0,0.0,0.0,1.0,11SEP15:23:52:30,4,1,1,1,0
2952713,197_$_9_8_2015_3_30_00_PM_20170629_lmm5346joust.csv,197_$,9647,11506,4,289380,2015-09-11,1900-01-01 23:53:00,0,0.0,0.19,0.09,0.0,0.0,0.0,0.0,11SEP15:23:53:00,4,1,1,1,0
2952714,197_$_9_8_2015_3_30_00_PM_20170629_lmm5346joust.csv,197_$,9648,11507,4,289410,2015-09-11,1900-01-01 23:53:30,0,0.0,0.19,0.09,0.0,0.0,0.0,0.0,11SEP15:23:53:30,4,1,1,1,0
2952715,197_$_9_8_2015_3_30_00_PM_20170629_lmm5346joust.csv,197_$,9649,11508,4,289440,2015-09-11,1900-01-01 23:54:00,0,0.0,0.19,0.09,0.0,0.0,0.0,0.0,11SEP15:23:54:00,4,1,1,1,0
2952716,197_$_9_8_2015_3_30_00_PM_20170629_lmm5346joust.csv,197_$,9650,11509,4,289470,2015-09-11,1900-01-01 23:54:30,0,0.0,0.19,0.09,0.0,0.0,0.0,0.0,11SEP15:23:54:30,4,1,1,1,0
2952717,197_$_9_8_2015_3_30_00_PM_20170629_lmm5346joust.csv,197_$,9651,11510,4,289500,2015-09-11,1900-01-01 23:55:00,0,0.0,0.19,0.09,0.0,0.0,0.0,0.0,11SEP15:23:55:00,4,1,1,1,0
2952718,197_$_9_8_2015_3_30_00_PM_20170629_lmm5346joust.csv,197_$,9652,11511,4,289530,2015-09-11,1900-01-01 23:55:30,0,0.0,0.19,0.09,0.0,0.0,0.0,0.0,11SEP15:23:55:30,4,1,1,1,0
2952719,197_$_9_8_2015_3_30_00_PM_20170629_lmm5346joust.csv,197_$,9653,11512,4,289560,2015-09-11,1900-01-01 23:56:00,0,0.0,0.19,0.09,0.0,0.0,0.0,0.0,11SEP15:23:56:00,4,1,1,1,0
2952720,197_$_9_8_2015_3_30_00_PM_20170629_lmm5346joust.csv,197_$,9654,11513,4,289590,2015-09-11,1900-01-01 23:56:30,0,0.0,0.19,0.09,0.0,0.0,0.0,0.0,11SEP15:23:56:30,4,1,1,1,0
2952721,197_$_9_8_2015_3_30_00_PM_20170629_lmm5346joust.csv,197_$,9655,11514,4,289620,2015-09-11,1900-01-01 23:57:00,0,0.0,0.19,0.09,0.0,0.0,0.0,0.0,11SEP15:23:57:00,4,1,1,1,0
2952722,197_$_9_8_2015_3_30_00_PM_20170629_lmm5346joust.csv,197_$,9656,11515,4,289650,2015-09-11,1900-01-01 23:57:30,0,0.0,0.19,0.09,0.0,0.0,0.0,0.0,11SEP15:23:57:30,4,1,1,1,0
2952723,197_$_9_8_2015_3_30_00_PM_20170629_lmm5346joust.csv,197_$,9657,11516,4,289680,2015-09-11,1900-01-01 23:58:00,0,0.0,0.19,0.09,0.0,0.0,0.0,0.0,11SEP15:23:58:00,4,1,1,1,0
2952724,197_$_9_8_2015_3_30_00_PM_20170629_lmm5346joust.csv,197_$,9658,11517,4,289710,2015-09-11,1900-01-01 23:58:30,0,0.0,0.19,0.09,0.0,0.0,0.0,0.0,11SEP15:23:58:30,4,1,1,1,0
2952725,197_$_9_8_2015_3_30_00_PM_20170629_lmm5346joust.csv,197_$,9659,11518,4,289740,2015-09-11,1900-01-01 23:59:00,0,0.0,0.19,0.09,0.0,0.0,0.0,0.0,11SEP15:23:59:00,4,1,1,1,0
2952726,197_$_9_8_2015_3_30_00_PM_20170629_lmm5346joust.csv,197_$,9660,11519,4,289770,2015-09-11,1900-01-01 23:59:30,0,0.0,0.19,0.09,0.0,0.0,0.0,0.0,11SEP15:23:59:30,4,1,1,1,0
